ID,Name,Type,Type_IT,Category,Category_IT,Misinformation_Score,Hate_Speech_Score,Description,Description_IT,Fact_Check_Sources,Facebook,Instagram,Website,Last_Updated
001,VoxNews,Media,Media,Far-Right,Estrema Destra,10,10,"Far-right online news site. Known for extreme anti-immigrant content, Islamophobia, racism, and frequent misinformation. One of most problematic Italian sources.","Sito di notizie online di estrema destra. Noto per contenuti estremamente anti-immigrati, islamofobia, razzismo e frequente disinformazione. Una delle fonti italiane più problematiche.",https://facta.news/ | https://pagellapolitica.it/ | https://www.butac.it/,,,https://voxnews.info,2025-01
002,Luca Traini,Criminal,Criminale,Far-Right,Estrema Destra,10,10,Perpetrator of 2018 Macerata shooting. Shot 6 African immigrants. Symbol of far-right terrorism in Italy. Inspired by anti-immigrant hate propaganda.,Autore della sparatoria di Macerata del 2018. Ha sparato a 6 immigrati africani. Simbolo del terrorismo di estrema destra in Italia. Ispirato dalla propaganda d'odio anti-immigrati.,https://en.wikipedia.org/wiki/2018_Macerata_shooting | https://www.bbc.com/news/world-europe-42960952,,,,2025-01
003,CasaPound Italia,Organization,Organizzazione,Far-Right,Estrema Destra,9,10,"Neo-fascist political movement and social center network. Known for extreme right-wing ideology, racism, violence, and historical revisionism. Officially disbanded as party but active as movement.","Movimento politico neofascista e rete di centri sociali. Noto per ideologia di estrema destra, razzismo, violenza e revisionismo storico. Ufficialmente sciolto come partito ma attivo come movimento.",https://en.wikipedia.org/wiki/CasaPound | https://www.splcenter.org/ | https://facta.news/,,https://www.instagram.com/casapound_italia/,https://www.casapounditalia.org,2025-01
004,Welcome to Favelas,Social Media Page,Pagina Social Media,Far-Right,Estrema Destra,9,10,"Controversial Instagram page sharing crime and violence content with racist commentary. Known for anti-immigrant propaganda, Islamophobia, and incitement to hatred. Frequently banned and recreated.","Pagina Instagram controversa che condivide contenuti su crimini e violenza con commenti razzisti. Nota per propaganda anti-immigrati, islamofobia e incitamento all'odio. Frequentemente bannata e ricreata.",https://facta.news/ | https://www.valigiablu.it/ | https://www.butac.it/,https://www.facebook.com/profile.php?id=61576736422158,https://www.instagram.com/welcometofavelas/,,2025-01
007,Libero Quotidiano,Media,Media,Far-Right,Estrema Destra,9,9,"Right-wing populist daily newspaper. Criticized for provocative and sensationalist headlines, such as 'Islamic Bastards' (2015), considered Islamophobic. Strong political bias, frequent misleading titles.","Quotidiano populista di destra. Criticato per titoli provocatori e sensazionalistici, come 'Bastardi Islamici' (2015), considerati islamofobici. Forte pregiudizio politico, frequenti titoli fuorvianti.",https://en.wikipedia.org/wiki/Libero_(newspaper) | https://pagellapolitica.it/ | NewsGuard,https://www.facebook.com/liberonews,https://www.instagram.com/liberoquotidiano/,https://www.liberoquotidiano.it,2025-01
008,Il Primato Nazionale,Media,Media,Far-Right,Estrema Destra,9,9,"CasaPound's media outlet. Neo-fascist publication with extreme right-wing content, hate speech, and historical revisionism.","Testata di CasaPound. Pubblicazione neofascista con contenuti di estrema destra, incitamento all'odio e revisionismo storico.",https://facta.news/ | https://www.butac.it/,https://www.facebook.com/IlPrimatoNazionale/,https://www.instagram.com/ilprimatonazionale/,https://www.ilprimatonazionale.it,2025-01
009,La Vergogna,Social Media Page,Pagina Social Media,Far-Right,Estrema Destra,9,9,"Far-right Facebook/Instagram page. Shares anti-immigrant content, crime stories with racist framing, Islamophobic posts. Similar to Welcome to Favelas.","Pagina Facebook/Instagram di estrema destra. Condivide contenuti anti-immigrati, storie di crimini con inquadramento razzista, post islamofobici. Simile a Welcome to Favelas.",https://facta.news/ | https://www.valigiablu.it/,https://www.facebook.com/lavergogna/,https://www.instagram.com/lavergogna/,,2025-01
010,Matteo Salvini,Politician,Politico,Far-Right,Estrema Destra,8,9,"Leader of Lega party. Criticized for anti-immigrant rhetoric and discriminatory language toward Roma and migrants. Multiple fact-checks show frequent misinformation on immigration, COVID, and economy.","Leader della Lega. Criticato per retorica anti-immigrati e linguaggio discriminatorio verso Rom e migranti. Molteplici fact-check mostrano frequenti disinformazioni su immigrazione, COVID ed economia.",https://pagellapolitica.it/politici/matteo-salvini | https://www.errc.org/act-now/eu-must-take-action-against-italian-hate-speech,https://www.facebook.com/matteosalviniofficial/,https://www.instagram.com/matteosalviniofficial/,,2025-01
011,Mario Giordano,Journalist,Giornalista,Far-Right,Estrema Destra,8,9,"TV journalist and columnist. Sanctioned by Italian Order of Journalists for racist and xenophobic statements, especially about Roma communities. Host of 'Fuori dal Coro' on Rete 4.","Giornalista TV e opinionista. Sanzionato dall'Ordine dei Giornalisti per dichiarazioni razziste e xenofobe, soprattutto sulle comunità Rom. Conduttore di 'Fuori dal Coro' su Rete 4.",https://en.wikipedia.org/wiki/Mario_Giordano | https://pagellapolitica.it/,https://www.facebook.com/mario.giordano/,https://www.instagram.com/mariogiordano/,,2025-01
012,Vittorio Feltri,Journalist,Giornalista,Far-Right,Estrema Destra,8,9,"Former director of Libero. Known for offensive statements about Southern Italians, immigrants, and controversial provocations. Multiple sanctions.","Ex direttore di Libero. Noto per dichiarazioni offensive sui meridionali, immigrati e provocazioni controverse. Molteplici sanzioni.",https://pagellapolitica.it/ | https://en.wikipedia.org/wiki/Vittorio_Feltri,https://www.facebook.com/vittorio.feltri.official/,https://www.instagram.com/vittoriofeltri/,,2025-01
013,Alessandra Mussolini,Politician,Politico,Far-Right,Estrema Destra,7,9,"Fratelli d'Italia member, granddaughter of Benito Mussolini. Known for controversial statements on immigration and race.","Membro di Fratelli d'Italia, nipote di Benito Mussolini. Nota per dichiarazioni controverse su immigrazione e razza.",https://www.bbc.com/news/world-europe-45717891 | https://pagellapolitica.it/,https://www.facebook.com/AlessandraMussolini,https://www.instagram.com/alessandramussolini/,,2025-01
014,Byoblu,Media,Media,Far-Right,Estrema Destra,9,7,"Online TV and news platform. Known for conspiracy theories, anti-vaccine content, COVID misinformation. Frequently fact-checked for false claims.","Piattaforma TV e notizie online. Nota per teorie del complotto, contenuti anti-vaccino, disinformazione COVID. Frequentemente verificata per affermazioni false.",https://facta.news/ | https://pagellapolitica.it/ | https://www.butac.it/,https://www.facebook.com/byoblu/,https://www.instagram.com/byoblu/,https://www.byoblu.com,2025-01
015,Mario Adinolfi,Politician,Politico,Far-Right,Estrema Destra,8,8,"Founder of Popolo della Famiglia. Far-right activist, opposes EU integration. Often compared to American alt-right figures.","Fondatore del Popolo della Famiglia. Attivista di estrema destra, contrario all'integrazione UE. Spesso paragonato a figure alt-right americane.",https://www.politico.eu/article/mario-adinolfi-italy-eme/ | https://pagellapolitica.it/,https://www.facebook.com/MarioAdinolfi,https://www.instagram.com/marioadinolfi/,,2025-01
016,Maria Giovanna Maglie,Journalist,Giornalista,Far-Right,Estrema Destra,8,8,"Journalist and blogger. Known for Islamophobic statements, conspiracy theories, and inflammatory social media content. Strong Trump supporter.","Giornalista e blogger. Nota per dichiarazioni islamofobiche, teorie del complotto e contenuti infiammatori sui social media. Forte sostenitrice di Trump.",https://pagellapolitica.it/ | https://facta.news/,https://www.facebook.com/MaglieGiovanna/,https://www.instagram.com/mgmaglie/,,2025-01
017,Millennium,Media,Media,Far-Right,Estrema Destra,8,8,"Far-right online media outlet. Known for nationalist propaganda, conspiracy theories, anti-immigrant content, and Islamophobic narratives.","Testata online di estrema destra. Nota per propaganda nazionalista, teorie del complotto, contenuti anti-immigrati e narrazioni islamofobiche.",https://facta.news/ | https://www.butac.it/,https://www.facebook.com/MillenniumItalia/,https://www.instagram.com/millenniumitalia/,https://www.millenniumpost.it,2025-01
018,Essere Italiani,Social Media Page,Pagina Social Media,Far-Right,Estrema Destra,8,8,"Nationalist Facebook page. Known for anti-immigrant propaganda, xenophobic content, and nationalist rhetoric. Frequently shares misleading crime statistics.","Pagina Facebook nazionalista. Nota per propaganda anti-immigrati, contenuti xenofobi e retorica nazionalista. Condivide frequentemente statistiche sul crimine fuorvianti.",https://facta.news/ | https://www.butac.it/,https://www.facebook.com/essereitaliani/,,,2025-01
019,Matteo Salvini News,Social Media Page,Pagina Social Media,Far-Right,Estrema Destra,8,8,"Unofficial fan page of Matteo Salvini. Amplifies anti-immigrant rhetoric, spreads misinformation, and shares Lega propaganda without fact-checking.","Pagina fan non ufficiale di Matteo Salvini. Amplifica retorica anti-immigrati, diffonde disinformazione e condivide propaganda della Lega senza verifica dei fatti.",https://facta.news/,https://www.facebook.com/matteosalvininews/,,,2025-01
020,Italia Patria Mia,Social Media Page,Pagina Social Media,Far-Right,Estrema Destra,8,8,"Nationalist social media page. Posts anti-immigrant content, xenophobic rhetoric, and nationalist propaganda. Frequently shares fake news.","Pagina social nazionalista. Pubblica contenuti anti-immigrati, retorica xenofoba e propaganda nazionalista. Condivide frequentemente fake news.",https://facta.news/,https://www.facebook.com/italiapatriamia/,https://www.instagram.com/italiapatriamia/,,2025-01
021,Il Primato Italiano,Social Media Page,Pagina Social Media,Far-Right,Estrema Destra,8,8,"Nationalist social page. Shares far-right content, historical revisionism, anti-immigrant posts. Connected to neo-fascist movements.","Pagina social nazionalista. Condivide contenuti di estrema destra, revisionismo storico, post anti-immigrati. Connessa a movimenti neofascisti.",https://facta.news/,https://www.facebook.com/ilprimatoitaliano/,https://www.instagram.com/ilprimatoitaliano/,,2025-01
022,Roberto Maroni,Politician,Politico,Far-Right,Estrema Destra,7,8,Former Lega Nord secretary. Advocates for regional autonomy and hardline immigration policies. Strong anti-immigrant rhetoric.,Ex segretario della Lega Nord. Sostenitore dell'autonomia regionale e politiche migratorie dure. Forte retorica anti-immigrati.,https://www.thelocal.it/20170914/who-is-roberto-maroni/ | https://pagellapolitica.it/,https://www.facebook.com/robertomaroni,https://www.instagram.com/robertomaroni/,,2025-01
023,Vittorio Sgarbi,Politician,Politico,Right,Destra,7,8,"Art critic, politician, TV personality. Known for vulgar and inflammatory language, frequent controversies, and provocative statements on various social issues.","Critico d'arte, politico, personaggio TV. Noto per linguaggio volgare e infiammatorio, frequenti controversie e dichiarazioni provocatorie su varie questioni sociali.",https://pagellapolitica.it/ | https://en.wikipedia.org/wiki/Vittorio_Sgarbi,https://www.facebook.com/sgarbivittorioofficial/,https://www.instagram.com/vittoriosgarbi/,,2025-01
024,Gioventù Nazionale,Organization,Organizzazione,Far-Right,Estrema Destra,7,8,"Youth wing of Fratelli d'Italia. Investigated for neo-fascist sympathies, racist chants, and extremist behavior. Subject of Fanpage undercover investigation 'Lobby Nera'.","Organizzazione giovanile di Fratelli d'Italia. Indagata per simpatie neofasciste, cori razzisti e comportamenti estremisti. Oggetto dell'inchiesta sotto copertura di Fanpage 'Lobby Nera'.",https://www.fanpage.it/inchieste/lobby-nera/ | https://pagellapolitica.it/,https://www.facebook.com/GioventuNazionale/,https://www.instagram.com/giovaninazionale/,https://www.gioventunazionale.it,2025-01
025,Il Giornale,Media,Media,Right,Destra,8,7,Conservative newspaper aligned with Berlusconi. Frequently discussed for strong editorial slant and sensationalism on immigration and security. Occasional misleading headlines.,Quotidiano conservatore allineato con Berlusconi. Frequentemente discusso per forte inclinazione editoriale e sensazionalismo su immigrazione e sicurezza. Titoli occasionalmente fuorvianti.,https://www.reddit.com/r/europe/comments/vcwzxs | NewsGuard | https://pagellapolitica.it/,https://www.facebook.com/ilgiornale,https://www.instagram.com/ilgiornale/,https://www.ilgiornale.it,2025-01
026,Claudio Borghi,Politician,Politico,Far-Right,Estrema Destra,8,7,"Lega economist and MEP. Known for Eurosceptic positions, frequent misinformation on economics and EU. Multiple fact-checks on monetary policy claims and COVID conspiracy theories.","Economista della Lega ed europarlamentare. Noto per posizioni euroscettiche, frequente disinformazione su economia e UE. Molteplici fact-check su affermazioni di politica monetaria e teorie del complotto COVID.",https://pagellapolitica.it/ | https://facta.news/,https://www.facebook.com/claudio.borghi.lega/,https://www.instagram.com/borghi_claudio/,,2025-01
027,Diego Fusaro,Philosopher,Filosofo,Far-Right,Estrema Destra,8,7,"Philosopher and political commentator. Known for conspiracy theories, anti-globalist rhetoric, mixing far-left and far-right positions. Frequent misinformation spreader.","Filosofo e commentatore politico. Noto per teorie del complotto, retorica anti-globalista, mescolanza di posizioni di estrema sinistra e destra. Frequente diffusore di disinformazione.",https://facta.news/ | https://pagellapolitica.it/,https://www.facebook.com/diego.fusaro.7/,https://www.instagram.com/diego_fusaro_/,,2025-01
028,Radio Radio TV,Media,Media,Right,Destra,8,7,"Roman radio and TV station. Known for conspiracy theories, COVID skepticism, anti-vaccine content, and controversial commentary. Frequently fact-checked for false claims.","Radio e TV romana. Nota per teorie del complotto, scetticismo COVID, contenuti anti-vaccino e commenti controversi. Frequentemente verificata per affermazioni false.",https://facta.news/ | https://pagellapolitica.it/ | https://www.butac.it/,https://www.facebook.com/radioradiotv/,https://www.instagram.com/radioradiotv/,https://www.radioradio.it,2025-01
029,Visione TV,Media,Media,Far-Right,Estrema Destra,8,7,"Right-wing online TV. Known for nationalist content, conspiracy theories, and controversial political commentary. Aligned with Fratelli d'Italia positions.","TV online di destra. Nota per contenuti nazionalisti, teorie del complotto e commenti politici controversi. Allineata con posizioni di Fratelli d'Italia.",https://facta.news/ | https://pagellapolitica.it/,https://www.facebook.com/visionetv/,https://www.instagram.com/visionetv_official/,https://www.visionetv.it,2025-01
030,Controsenso Italiano,Social Media Page,Pagina Social Media,Far-Right,Estrema Destra,8,7,"Far-right social media page. Shares conspiracy theories, anti-establishment content, anti-immigrant propaganda, and COVID misinformation.","Pagina social di estrema destra. Condivide teorie del complotto, contenuti anti-establishment, propaganda anti-immigrati e disinformazione COVID.",https://facta.news/ | https://www.butac.it/,,https://www.instagram.com/controsens oitaliano/,,2025-01
031,Informazione Libera,Social Media Page,Pagina Social Media,Far-Right,Estrema Destra,8,7,"Alternative media page. Shares conspiracy theories, anti-vaccine content, pro-Russia propaganda, and COVID misinformation. Claims to be 'free information'.","Pagina di media alternativi. Condivide teorie del complotto, contenuti anti-vaccino, propaganda filo-russa e disinformazione COVID. Si dichiara 'informazione libera'.",https://facta.news/ | https://www.butac.it/,https://www.facebook.com/informazionelibera/,,,2025-01
032,Italiani Sovrani,Social Media Page,Pagina Social Media,Far-Right,Estrema Destra,8,7,"Sovereigntist social page. Anti-EU propaganda, conspiracy theories, anti-immigrant content, and nationalist rhetoric. Supports no-vax movements.","Pagina social sovranista. Propaganda anti-UE, teorie del complotto, contenuti anti-immigrati e retorica nazionalista. Sostiene movimenti no-vax.",https://facta.news/ | https://www.butac.it/,https://www.facebook.com/italianisovrani/,https://www.instagram.com/italianisovrani/,,2025-01
033,Francesca Donato,Politician,Politico,Far-Right,Estrema Destra,8,6,"Former Lega MEP, now Italexit. Known for COVID conspiracy theories, anti-vaccine misinformation, and Eurosceptic positions.","Ex europarlamentare della Lega, ora Italexit. Nota per teorie del complotto COVID, disinformazione anti-vaccino e posizioni euroscettiche.",https://pagellapolitica.it/ | https://facta.news/,https://www.facebook.com/francescadonatomep/,https://www.instagram.com/francescadonato/,,2025-01
034,Giuseppe Cruciani,Journalist,Giornalista,Right,Destra,7,7,"Radio host of La Zanzara. Known for provocative and controversial statements, platforming extreme views, and inflammatory commentary on immigration and social issues.","Conduttore radiofonico de La Zanzara. Noto per dichiarazioni provocatorie e controverse, dare voce a opinioni estreme e commenti infiammatori su immigrazione e questioni sociali.",https://pagellapolitica.it/,https://www.facebook.com/cruciani.giuseppe/,https://www.instagram.com/giucruciani/,,2025-01
035,Stefano Bandecchi,Politician,Politico,Right,Destra,7,7,"Mayor of Terni and leader of Alternativa Popolare. Known for vulgar language, violent threats, misogynistic statements. Controversial social media presence with hate speech.","Sindaco di Terni e leader di Alternativa Popolare. Noto per linguaggio volgare, minacce violente, dichiarazioni misogine. Presenza controversa sui social media con incitamento all'odio.",https://pagellapolitica.it/ | https://www.ilpost.it/,https://www.facebook.com/stefano.bandecchi.1/,https://www.instagram.com/stefanobandecchi/,,2025-01
036,Basta Buonismo,Social Media Page,Pagina Social Media,Right,Destra,7,7,"Anti-establishment page targeting 'do-gooders'. Shares anti-immigrant content, attacks NGOs helping migrants, promotes hardline security policies.","Pagina anti-establishment contro il 'buonismo'. Condivide contenuti anti-immigrati, attacca ONG che aiutano migranti, promuove politiche di sicurezza dure.",https://facta.news/,https://www.facebook.com/bastabuonismo/,,,2025-01
037,Gianluigi Paragone,Politician,Politico,Populist,Populista,7,6,"Former M5S senator, founder of Italexit party. Known for conspiracy theories, anti-EU rhetoric, COVID skepticism, and misinformation.","Ex senatore M5S, fondatore del partito Italexit. Noto per teorie del complotto, retorica anti-UE, scetticismo COVID e disinformazione.",https://pagellapolitica.it/ | https://facta.news/,https://www.facebook.com/gianlucaparagone/,https://www.instagram.com/gianluigiparagone/,,2025-01
038,Ignazio La Russa,Politician,Politico,Far-Right,Estrema Destra,6,7,"President of Italian Senate, Fratelli d'Italia co-founder. Known for nostalgic references to fascism, controversial historical statements. Collector of Mussolini memorabilia.","Presidente del Senato, cofondatore di Fratelli d'Italia. Noto per riferimenti nostalgici al fascismo, dichiarazioni storiche controverse. Collezionista di cimeli di Mussolini.",https://pagellapolitica.it/ | https://www.theguardian.com/world/2022/oct/14/ignazio-la-russa-neo-fascist-elected-president-italy-senate,https://www.facebook.com/ignazio.larussa/,https://www.instagram.com/ignaziobenito.larussa/,,2025-01
039,La Verità,Media,Media,Right,Destra,7,6,Conservative-populist daily led by Maurizio Belpietro. Known for strong right-wing editorial stance and controversial takes on social issues.,Quotidiano conservatore-populista diretto da Maurizio Belpietro. Noto per forte posizione editoriale di destra e prese di posizione controverse su questioni sociali.,https://en.wikipedia.org/wiki/La_Verità | https://pagellapolitica.it/,https://www.facebook.com/LaVeritaNews,https://www.instagram.com/laverita_info/,https://www.laverita.info,2025-01
040,Nicola Porro,Journalist,Giornalista,Right,Destra,7,6,"TV host (Quarta Repubblica, Rete 4) and journalist. Known for right-wing commentary, COVID skepticism, and controversial takes on immigration and social issues.","Conduttore TV (Quarta Repubblica, Rete 4) e giornalista. Noto per commenti di destra, scetticismo COVID e posizioni controverse su immigrazione e questioni sociali.",https://pagellapolitica.it/ | https://facta.news/,https://www.facebook.com/NicolaPorroOfficialPage/,https://www.instagram.com/nicola_porro/,,2025-01
041,Alessandro Sallusti,Journalist,Giornalista,Right,Destra,7,6,Director of Libero and Il Giornale. Known for sensationalist headlines and strong right-wing editorial stance. Multiple controversies over inflammatory content.,Direttore di Libero e Il Giornale. Noto per titoli sensazionalistici e forte posizione editoriale di destra. Molteplici controversie su contenuti infiammatori.,https://pagellapolitica.it/ | https://en.wikipedia.org/wiki/Alessandro_Sallusti,https://www.facebook.com/Alessandro.Sallusti/,https://www.instagram.com/alessandrosallusti/,,2025-01
042,Maurizio Belpietro,Journalist,Giornalista,Right,Destra,7,6,"Director of La Verità and TV host (Quinta Colonna). Known for conspiracy theories, COVID skepticism, and right-wing commentary.","Direttore de La Verità e conduttore TV (Quinta Colonna). Noto per teorie del complotto, scetticismo COVID e commenti di destra.",https://pagellapolitica.it/ | https://facta.news/,https://www.facebook.com/BelpietroMaurizio/,https://www.instagram.com/mauriziobelpietro/,,2025-01
043,Alberto Bagnai,Politician,Politico,Right,Destra,7,6,Lega senator and economist. Known for Eurosceptic positions and controversial economic theories. Frequent spreader of misinformation on EU economics.,Senatore della Lega ed economista. Noto per posizioni euroscettiche e teorie economiche controverse. Frequente diffusore di disinformazione sull'economia UE.,https://pagellapolitica.it/ | https://facta.news/,https://www.facebook.com/albagnai/,https://www.instagram.com/albagnai/,,2025-01
044,Il Tempo,Media,Media,Right,Destra,7,6,Conservative daily newspaper. Known for sensationalist headlines on immigration and crime. Frequent editorial bias and misleading coverage.,Quotidiano conservatore. Noto per titoli sensazionalistici su immigrazione e criminalità. Frequente pregiudizio editoriale e copertura fuorviante.,https://pagellapolitica.it/ | NewsGuard,https://www.facebook.com/iltempo.it/,https://www.instagram.com/iltempoit/,https://www.iltempo.it,2025-01
045,Giorgia Meloni,Politician,Politico,Far-Right,Estrema Destra,6,7,"Leader of Fratelli d'Italia and Prime Minister. Known for Eurosceptic and nationalist positions. Several fact-checks found inaccuracies in public statements, though also target of manipulated content.","Leader di Fratelli d'Italia e Presidente del Consiglio. Nota per posizioni euroscettiche e nazionaliste. Diversi fact-check hanno trovato imprecisioni nelle dichiarazioni pubbliche, anche se è stata bersaglio di contenuti manipolati.",https://pagellapolitica.it/politici/giorgia-meloni | https://www.reuters.com/fact-check/ | https://www.dw.com/en/who-is-giorgia-meloni/a-57834214,https://www.facebook.com/GiorgiameloniIO,https://www.instagram.com/giorgiameloni/,,2025-01
046,La Zanzara,Media,Media,Populist,Populista,6,7,"Radio show on Radio24. Hosted by Giuseppe Cruciani and David Parenzo. Known for provocative content, controversial guests, and deliberately inflammatory discussions. Platforms extreme views.","Programma radiofonico su Radio24. Condotto da Giuseppe Cruciani e David Parenzo. Noto per contenuti provocatori, ospiti controversi e discussioni deliberatamente infiammatorie. Dà voce a opinioni estreme.",https://pagellapolitica.it/ | Media reviews,https://www.facebook.com/lazanzararadio24/,https://www.instagram.com/la_zanzara_/,,2025-01
047,Nicola Molteni,Politician,Politico,Right,Destra,6,6,Lega MP and Undersecretary of Interior. Known for hardline immigration positions and controversial statements on security and migrants.,Deputato della Lega e Sottosegretario all'Interno. Noto per posizioni dure sull'immigrazione e dichiarazioni controverse su sicurezza e migranti.,https://pagellapolitica.it/,https://www.facebook.com/NicolaMolteniLega/,https://www.instagram.com/nicolamolteni/,,2025-01
048,L'Antidiplomatico,Media,Media,Pro-Russia,Pro-Russia,7,5,"Pro-Russia alternative media. Known for Russian propaganda, anti-NATO rhetoric, conspiracy theories. Spreads misinformation on Ukraine war and Western policies.","Media alternativo filo-russo. Noto per propaganda russa, retorica anti-NATO, teorie del complotto. Diffonde disinformazione sulla guerra in Ucraina e politiche occidentali.",https://facta.news/ | https://www.valigiablu.it/,https://www.facebook.com/lantidiplomatico/,https://www.instagram.com/lantidiplomatico_/,https://www.lantidiplomatico.it,2025-01
049,Antonio Tajani,Politician,Politico,Right,Destra,5,6,Vice Prime Minister and Forza Italia leader. Criticized for discriminatory remarks toward Roma and historical revisionism about Istria. Several fact-checks on European and historical statements show inaccuracies.,Vice Presidente del Consiglio e leader di Forza Italia. Criticato per dichiarazioni discriminatorie verso i Rom e revisionismo storico su Istria. Diversi fact-check su dichiarazioni europee e storiche mostrano imprecisioni.,https://pagellapolitica.it/politici/antonio-tajani | https://www.politico.eu/article/antonio-tajani-parliament-president-roma-comments-slammed-rights-group,https://www.facebook.com/antoniotajani/,https://www.instagram.com/antoniotajani/,,2025-01
050,Mediaset Notizie,Media,Media,Right,Destra,6,5,"Owned by Mediaset. Frequently accused of pro-Israeli bias in coverage, particularly during Israeli-Palestinian conflict. Some editorial bias in political coverage.","Di proprietà di Mediaset. Frequentemente accusato di pregiudizio filo-israeliano nella copertura, in particolare durante il conflitto israelo-palestinese. Alcuni pregiudizi editoriali nella copertura politica.",https://www.agreedal.eu/article/mediaset/ | https://pagellapolitica.it/,https://www.facebook.com/MediasetNotizie,https://www.instagram.com/mediasetnotizie/,https://www.mediasetnotizie.it,2025-01
051,Armando Siri,Politician,Politico,Right,Destra,6,5,Lega senator and economist. Multiple fact-checks on economic claims. Involved in corruption investigations. Strong flat-tax advocate with questionable data.,Senatore della Lega ed economista. Molteplici fact-check su affermazioni economiche. Coinvolto in inchieste per corruzione. Forte sostenitore della flat tax con dati discutibili.,https://pagellapolitica.it/,https://www.facebook.com/armando.siri/,https://www.instagram.com/armandosiri/,,2025-01
052,Paolo Del Debbio,Journalist,Giornalista,Right,Destra,6,5,"TV host (Dritto e Rovescio, Rete 4). Known for platforming controversial views, strong right-wing editorial line, sensationalist approach to immigration topics.","Conduttore TV (Dritto e Rovescio, Rete 4). Noto per dare voce a opinioni controverse, forte linea editoriale di destra, approccio sensazionalistico ai temi migratori.",https://pagellapolitica.it/,https://www.facebook.com/paolo.deldebbio/,https://www.instagram.com/paolo_del_debbio_/,,2025-01
053,Rete 4,Media,Media,Right,Destra,6,5,"Mediaset TV channel. Known for right-wing political talk shows (Fuori dal Coro, Quarta Repubblica, Dritto e Rovescio). Strong editorial bias, sensationalist approach.","Canale TV Mediaset. Noto per talk show politici di destra (Fuori dal Coro, Quarta Repubblica, Dritto e Rovescio). Forte pregiudizio editoriale, approccio sensazionalistico.",https://pagellapolitica.it/ | NewsGuard,https://www.facebook.com/rete4/,https://www.instagram.com/rete4/,https://www.mediaset.it/rete4,2025-01
054,Alessandro Orsini,Academic,Accademico,Pro-Russia,Pro-Russia,7,4,"Professor and TV commentator. Known for pro-Russia stance on Ukraine war, controversial geopolitical analysis. Frequently spreads Russian narratives and misinformation.","Professore e commentatore TV. Noto per posizione filo-russa sulla guerra in Ucraina, analisi geopolitiche controverse. Diffonde frequentemente narrazioni russe e disinformazione.",https://facta.news/ | https://pagellapolitica.it/,https://www.facebook.com/alessandro.orsini.96/,https://www.instagram.com/alessandro_orsini_official/,,2025-01
055,Luca Zaia,Politician,Politico,Right,Destra,5,5,"Veneto Region President, Lega. Promoted regional autonomy and hardline immigration policies. Some controversial statements on immigration and COVID management.","Presidente Regione Veneto, Lega. Ha promosso autonomia regionale e politiche migratorie dure. Alcune dichiarazioni controverse su immigrazione e gestione COVID.",https://pagellapolitica.it/,https://www.facebook.com/zaiaufficiale/,https://www.instagram.com/zaia_luca_official/,,2025-01
056,Attilio Fontana,Politician,Politico,Right,Destra,5,5,"Lombardy Region President, Lega. Controversial COVID management. Made statements about 'white race' protection and immigration concerns.","Presidente Regione Lombardia, Lega. Gestione COVID controversa. Ha fatto dichiarazioni sulla protezione della 'razza bianca' e preoccupazioni sull'immigrazione.",https://pagellapolitica.it/ | https://www.theguardian.com/world/2018/jan/15/italian-politician-calls-for-protection-of-white-race,https://www.facebook.com/AttilioFontanaLombardia/,https://www.instagram.com/attilio.fontana/,,2025-01
057,RAI 1,Media,Media,Center-Right,Centro-Destra,6,4,"Main RAI channel. Under current government influence, shows pro-government bias. Criticized for one-sided coverage on Israel-Palestine conflict, lack of Palestinian perspectives, and political propaganda.","Canale principale RAI. Sotto influenza del governo attuale, mostra pregiudizio filo-governativo. Criticato per copertura unilaterale sul conflitto israelo-palestinese, mancanza di prospettive palestinesi e propaganda politica.",https://pagellapolitica.it/ | https://www.valigiablu.it/ | Media watchdogs,https://www.facebook.com/Rai/,https://www.instagram.com/rai/,https://www.raiplay.it,2025-01
058,Porta a Porta,TV Program,Programma TV,Center-Right,Centro-Destra,6,4,"RAI 1 political talk show hosted by Bruno Vespa. Known for pro-government bias, softball interviews with government officials, and unbalanced coverage on controversial topics.","Talk show politico di RAI 1 condotto da Bruno Vespa. Noto per pregiudizio filo-governativo, interviste accomodanti con funzionari governativi e copertura sbilanciata su temi controversi.",https://pagellapolitica.it/ | https://www.valigiablu.it/,https://www.facebook.com/portaaporta/,https://www.instagram.com/portaaporta_rai/,https://www.raiplay.it,2025-01
059,Bruno Vespa,Journalist,Giornalista,Center-Right,Centro-Destra,6,4,"Host of Porta a Porta. Criticized for pro-government stance, uncritical interviews with right-wing politicians, and biased political coverage.","Conduttore di Porta a Porta. Criticato per posizione filo-governativa, interviste acritiche con politici di destra e copertura politica di parte.",https://pagellapolitica.it/ | Media analysis,https://www.facebook.com/vespabruno/,https://www.instagram.com/brunovesparai/,,2025-01
060,TG1,TV Program,Programma TV,Center-Right,Centro-Destra,6,4,"RAI's main evening news. Under government control, shows clear pro-government bias. Criticized for one-sided Israel-Palestine coverage, omitting Palestinian casualties and perspectives.","Telegiornale principale della RAI. Sotto controllo governativo, mostra chiaro pregiudizio filo-governativo. Criticato per copertura unilaterale Israele-Palestina, omettendo vittime e prospettive palestinesi.",https://pagellapolitica.it/ | https://www.valigiablu.it/ | https://www.articolo21.org/,https://www.facebook.com/Tg1Rai/,https://www.instagram.com/tg1rai/,https://www.raiplay.it,2025-01
061,Il Fatto Quotidiano,Media,Media,Populist,Populista,5,4,Independent/populist newspaper critical of establishment. More critical editorial stance with strong positions. Generally better editorial control but not immune to errors. Some sensationalism on immigration narratives.,Quotidiano indipendente/populista critico verso l'establishment. Posizione editoriale più critica con posizioni forti. Generalmente miglior controllo editoriale ma non immune da errori. Alcuni sensazionalismi su narrazioni migratorie.,https://www.reuters.com/article/italy-media-fattoquotidiano-idUSKBN1XZ34V | Reuters Institute Italy | https://pagellapolitica.it/,https://www.facebook.com/IlFattoQuotidiano,https://www.instagram.com/ilfattoquotidiano/,https://www.ilfattoquotidiano.it,2025-01
062,TGcom24,Media,Media,Right,Destra,5,4,Mediaset's news channel. Some editorial bias in favor of center-right. Sensationalist approach to crime and immigration news.,Canale di notizie di Mediaset. Alcuni pregiudizi editoriali a favore del centrodestra. Approccio sensazionalistico alle notizie su criminalità e immigrazione.,NewsGuard | https://pagellapolitica.it/,https://www.facebook.com/tgcom24/,https://www.instagram.com/tgcom24/,https://www.tgcom24.mediaset.it,2025-01
063,Matteo Renzi,Politician,Politico,Center,Centro,6,3,Former Prime Minister and Italia Viva leader. Multiple fact-checks on economic proposals and statistics; frequently checked for out-of-context statements and incorrect numbers.,Ex Presidente del Consiglio e leader di Italia Viva. Molteplici fact-check su proposte economiche e statistiche; frequentemente controllato per dichiarazioni fuori contesto e numeri errati.,https://pagellapolitica.it/ | https://facta.news/,https://www.facebook.com/matteorenzi/,https://www.instagram.com/matteorenzi/,,2025-01
064,Marco Travaglio,Journalist,Giornalista,Populist,Populista,6,3,"Chief editor of Il Fatto Quotidiano. Known for anti-establishment positions, some pro-Russia leanings on Ukraine. Controversial commentary, occasionally spreads unverified claims.","Direttore de Il Fatto Quotidiano. Noto per posizioni anti-establishment, alcune tendenze filo-russe sull'Ucraina. Commenti controversi, diffonde occasionalmente affermazioni non verificate.",https://pagellapolitica.it/ | https://facta.news/,https://www.facebook.com/marcotravaglio/,https://www.instagram.com/m.travaglio/,,2025-01
065,Luigi Di Maio,Politician,Politico,Center,Centro,5,3,Former Foreign Minister and M5S leader. Multiple fact-checks found inaccuracies in statements on foreign policy and economy.,Ex Ministro degli Esteri e leader M5S. Molteplici fact-check hanno trovato imprecisioni nelle dichiarazioni su politica estera ed economia.,https://pagellapolitica.it/ | https://facta.news/,https://www.facebook.com/luigidimaio/,https://www.instagram.com/giggidimaio/,,2025-01
066,RAI 2,Media,Media,Center-Right,Centro-Destra,5,3,Second RAI channel. Subject to government influence. Criticized for biased political talk shows and lack of balanced coverage on sensitive issues including Israel-Palestine.,Secondo canale RAI. Soggetto a influenza governativa. Criticato per talk show politici di parte e mancanza di copertura equilibrata su temi sensibili incluso Israele-Palestina.,https://pagellapolitica.it/ | Media analysis,https://www.facebook.com/Rai/,https://www.instagram.com/rai/,https://www.raiplay.it,2025-01
067,TG2,TV Program,Programma TV,Center-Right,Centro-Destra,5,3,RAI 2 news program. Subject to government influence. Less prominent than TG1 but still shows editorial bias favoring current government positions.,Telegiornale di RAI 2. Soggetto a influenza governativa. Meno prominente di TG1 ma mostra comunque pregiudizio editoriale a favore delle posizioni del governo attuale.,https://pagellapolitica.it/,https://www.facebook.com/Tg2Rai/,,https://www.raiplay.it,2025-01
068,Peter Gomez,Journalist,Giornalista,Populist,Populista,5,3,Director of Il Fatto Quotidiano. Known for anti-establishment stance and occasionally uncritical of pro-Russia narratives. Some sensationalism but generally better standards than far-right media.,Direttore de Il Fatto Quotidiano. Noto per posizione anti-establishment e occasionalmente acritico verso narrazioni filo-russe. Alcuni sensazionalismi ma generalmente migliori standard rispetto a media di estrema destra.,https://pagellapolitica.it/,https://www.facebook.com/petergomez.ilfattoquotidiano/,https://www.instagram.com/petergomezfq/,,2025-01
069,Il Messaggero,Media,Media,Center-Right,Centro-Destra,4,3,"Historic regional/national newspaper. Mainstream with journalistic standards, though not immune to errors. Generally reliable.","Storico quotidiano regionale/nazionale. Mainstream con standard giornalistici, anche se non immune da errori. Generalmente affidabile.",Reuters Institute | NewsGuard,https://www.facebook.com/ilmessaggeroit,https://www.instagram.com/ilmessaggeroit/,https://www.ilmessaggero.it,2025-01
070,RAI 3,Media,Media,Center-Left,Centro-Sinistra,4,3,"Third RAI channel. Historically more independent but increasingly under political pressure. Some programs maintain journalistic integrity, others show government influence.","Terzo canale RAI. Storicamente più indipendente ma sempre più sotto pressione politica. Alcuni programmi mantengono integrità giornalistica, altri mostrano influenza governativa.",https://pagellapolitica.it/ | Media watchdogs,https://www.facebook.com/Rai/,https://www.instagram.com/rai/,https://www.raiplay.it,2025-01
071,Giuseppe Conte,Politician,Politico,Center-Left,Centro-Sinistra,4,2,"Former Prime Minister and M5S leader. As prominent public figure, several claims fact-checked with some corrections from fact-checkers. M5S was center of many verifications.","Ex Presidente del Consiglio e leader M5S. Come figura pubblica di rilievo, diverse affermazioni verificate con alcune correzioni dai fact-checker. M5S è stato al centro di molte verifiche.",https://pagellapolitica.it/ | https://facta.news/,https://www.facebook.com/giuseppeconte/,https://www.instagram.com/giuseppeconte_ufficiale/,,2025-01
072,Carlo Calenda,Politician,Politico,Center,Centro,4,2,Leader of Azione party. Former minister. Generally fact-checked for economic policy statements. Occasional inaccuracies but lower misinformation rate than populist figures.,Leader del partito Azione. Ex ministro. Generalmente verificato per dichiarazioni di politica economica. Imprecisioni occasionali ma tasso di disinformazione inferiore rispetto a figure populiste.,https://pagellapolitica.it/ | https://facta.news/,https://www.facebook.com/CarloCalenda/,https://www.instagram.com/carlocalenda/,,2025-01
073,Open,Media,Media,Center-Left,Centro-Sinistra,4,2,"Online outlet with investigative journalism. Published documented investigations, but occasionally under scrutiny for controversial articles. Evaluate case by case.","Testata online con giornalismo investigativo. Ha pubblicato inchieste documentate, ma occasionalmente sotto esame per articoli controversi. Valutare caso per caso.",https://pagellapolitica.it/ | https://facta.news/,https://www.facebook.com/open.online/,https://www.instagram.com/open_the_mag/,https://www.open.online,2025-01
074,Fanpage,Media,Media,Center-Left,Centro-Sinistra,4,2,"Online news outlet. Known for investigative journalism and undercover reports (e.g., Fanpage Lobby Nera). Generally reliable but occasionally sensationalist.",Testata online. Nota per giornalismo investigativo e inchieste sotto copertura (es. Fanpage Lobby Nera). Generalmente affidabile ma occasionalmente sensazionalistica.,https://pagellapolitica.it/ | https://facta.news/,https://www.facebook.com/fanpage.it/,https://www.instagram.com/fanpage.it/,https://www.fanpage.it,2025-01
075,Elly Schlein,Politician,Politico,Center-Left,Centro-Sinistra,4,2,Leader of Partito Democratico (Democratic Party). First woman to lead PD. Fact-checked on various policy statements. Generally reliable with occasional political exaggerations.,Leader del Partito Democratico. Prima donna a guidare il PD. Verificata su varie dichiarazioni politiche. Generalmente affidabile con occasionali esagerazioni politiche.,https://pagellapolitica.it/ | https://facta.news/,https://www.facebook.com/ellyschlein/,https://www.instagram.com/ellyschlein/,,2025-01
076,TG3,TV Program,Programma TV,Center-Left,Centro-Sinistra,4,2,RAI 3 news program. Historically more independent and critical. Still subject to some political pressure but maintains better journalistic standards than TG1/TG2.,Telegiornale di RAI 3. Storicamente più indipendente e critico. Ancora soggetto a pressione politica ma mantiene migliori standard giornalistici rispetto a TG1/TG2.,https://pagellapolitica.it/,https://www.facebook.com/Tg3Rai/,,https://www.raiplay.it,2025-01
077,Il Foglio,Media,Media,Center-Right,Centro-Destra,3,2,Opinion-focused newspaper with clear positioning. Good journalistic quality but strongly commentary/opinion-based rather than pure news.,Quotidiano focalizzato sulle opinioni con posizionamento chiaro. Buona qualità giornalistica ma fortemente basato su commenti/opinioni piuttosto che notizie pure.,Reuters Institute | Media analysis,https://www.facebook.com/ilfoglio.it/,https://www.instagram.com/ilfoglio_it/,https://www.ilfoglio.it,2025-01
078,La Repubblica,Media,Media,Center-Left,Centro-Sinistra,3,2,Mainstream newspaper with solid editorial standards. Occasional errors but generally good reputation for internal fact-checking.,Quotidiano mainstream con solidi standard editoriali. Errori occasionali ma generalmente buona reputazione per il fact-checking interno.,Reuters Institute | NewsGuard,https://www.facebook.com/repubblica,https://www.instagram.com/la_repubblica/,https://www.repubblica.it,2025-01
079,La Stampa,Media,Media,Center-Left,Centro-Sinistra,3,2,Historic Turin-based newspaper. Generally reliable with solid editorial standards. Occasional errors but good fact-checking practices.,Storico quotidiano torinese. Generalmente affidabile con solidi standard editoriali. Errori occasionali ma buone pratiche di fact-checking.,Reuters Institute | NewsGuard,https://www.facebook.com/lastampa.it/,https://www.instagram.com/lastampa/,https://www.lastampa.it,2025-01
080,Quotidiano Nazionale,Media,Media,Center,Centro,3,2,"National newspaper network (Il Resto del Carlino, La Nazione, Il Giorno). Mainstream with generally solid standards.","Rete di quotidiani nazionali (Il Resto del Carlino, La Nazione, Il Giorno). Mainstream con standard generalmente solidi.",Reuters Institute | NewsGuard,https://www.facebook.com/quotidianonazionale/,https://www.instagram.com/quotidianonazionale/,https://www.quotidiano.net,2025-01
081,HuffPost Italia,Media,Media,Center-Left,Centro-Sinistra,3,2,Italian edition of HuffPost. Generally reliable with international standards. Good fact-checking but occasional editorial bias.,Edizione italiana di HuffPost. Generalmente affidabile con standard internazionali. Buon fact-checking ma occasionale pregiudizio editoriale.,Reuters Institute,https://www.facebook.com/HuffPostItalia/,https://www.instagram.com/huffpostitalia/,https://www.huffingtonpost.it,2025-01
082,SkyTG24,Media,Media,Center,Centro,3,2,Sky Italia's news channel. Generally reliable with international editorial standards. Good fact-checking practices.,Canale di notizie di Sky Italia. Generalmente affidabile con standard editoriali internazionali. Buone pratiche di fact-checking.,Reuters Institute | NewsGuard,https://www.facebook.com/SkyTG24/,https://www.instagram.com/skytg24/,https://tg24.sky.it,2025-01
083,RaiNews,Media,Media,Center,Centro,3,2,RAI's news channel. Public service broadcaster with editorial standards. Generally reliable though subject to political pressure.,Canale di notizie della RAI. Emittente di servizio pubblico con standard editoriali. Generalmente affidabile anche se soggetto a pressioni politiche.,Reuters Institute | NewsGuard,https://www.facebook.com/Rainews.it/,https://www.instagram.com/rainews_it/,https://www.rainews.it,2025-01
084,Azione,Political Party,Partito Politico,Center,Centro,3,2,"Centrist liberal party led by Carlo Calenda. Pro-European, market-oriented. Generally maintains fact-based communication though not immune to political spin.","Partito liberale centrista guidato da Carlo Calenda. Pro-europeo, orientato al mercato. Generalmente mantiene comunicazione basata sui fatti anche se non immune da spin politico.",https://pagellapolitica.it/,https://www.facebook.com/AzioneConCalenda/,https://www.instagram.com/azioneconCalenda/,https://www.azione.it,2025-01
085,Europa Verde,Political Party,Partito Politico,Center-Left,Centro-Sinistra,3,2,Green party (Greens). Part of European Green Party. Focuses on environmental and social issues. Generally fact-based but occasional exaggerations on environmental topics.,Partito dei Verdi. Parte del Partito Verde Europeo. Si concentra su questioni ambientali e sociali. Generalmente basato sui fatti ma con occasionali esagerazioni su temi ambientali.,https://pagellapolitica.it/,https://www.facebook.com/EuropaVerde/,https://www.instagram.com/europa.verde/,https://europaverde.it,2025-01
086,Angelo Bonelli,Politician,Politico,Center-Left,Centro-Sinistra,3,2,Co-spokesperson of Europa Verde (Greens). Environmental activist. Fact-checked on environmental and energy claims. Generally reliable but occasional overstatements.,Co-portavoce di Europa Verde. Attivista ambientalista. Verificato su affermazioni ambientali ed energetiche. Generalmente affidabile ma con occasionali enfatizzazioni.,https://pagellapolitica.it/,https://www.facebook.com/angelobonelli1/,https://www.instagram.com/angelobonelli1/,,2025-01
087,Nicola Fratoianni,Politician,Politico,Left,Sinistra,3,2,Leader of Sinistra Italiana (Italian Left). Member of Greens and Left Alliance. Fact-checked on social and economic policy. Generally fact-based with occasional political exaggerations.,Leader di Sinistra Italiana. Membro dell'Alleanza Verdi e Sinistra. Verificato su politiche sociali ed economiche. Generalmente basato sui fatti con occasionali esagerazioni politiche.,https://pagellapolitica.it/,https://www.facebook.com/NicolaFratoianni/,https://www.instagram.com/nicolafratoianni/,,2025-01
088,Più Europa,Political Party,Partito Politico,Center-Left,Centro-Sinistra,3,2,+Europa (More Europe). Pro-European liberal party led by Benedetto Della Vedova and Emma Bonino. Generally fact-based communication on EU and civil rights issues.,Partito liberale pro-europeo guidato da Benedetto Della Vedova ed Emma Bonino. Generalmente comunicazione basata sui fatti su UE e diritti civili.,https://pagellapolitica.it/,https://www.facebook.com/piueuropa/,https://www.instagram.com/piueuropa/,https://www.piueuropa.eu,2025-01
089,Partito Democratico,Political Party,Partito Politico,Center-Left,Centro-Sinistra,3,2,Democratic Party (PD). Main center-left party in Italy. Generally maintains fact-based communication though subject to political spin and occasional inaccuracies.,Partito Democratico (PD). Principale partito di centrosinistra in Italia. Generalmente mantiene comunicazione basata sui fatti anche se soggetto a spin politico e imprecisioni occasionali.,https://pagellapolitica.it/,https://www.facebook.com/partitodemocratico/,https://www.instagram.com/pdnetwork/,https://www.partitodemocratico.it,2025-01
090,Corriere della Sera,Media,Media,Center,Centro,2,1,Historic institutional newspaper. Generally considered reliable with consolidated editorial processes. Italy's most-read newspaper.,Storico quotidiano istituzionale. Generalmente considerato affidabile con processi editoriali consolidati. Il quotidiano più letto d'Italia.,Reuters Institute | NewsGuard,https://www.facebook.com/corriere,https://www.instagram.com/corriere/,https://www.corriere.it,2025-01
091,Il Post,Media,Media,Center-Left,Centro-Sinistra,2,1,Young online newspaper. Considered more reliable for clarity and public corrections. Frequently cited as reliable source for in-depth analysis.,Giovane quotidiano online. Considerato più affidabile per chiarezza e correzioni pubbliche. Frequentemente citato come fonte affidabile per analisi approfondite.,Reuters Institute | https://pagellapolitica.it/,https://www.facebook.com/ilpost,https://www.instagram.com/ilpost/,https://www.ilpost.it,2025-01
092,Il Sole 24 Ore,Media,Media,Center-Right,Centro-Destra,2,1,Italy's main financial newspaper. High editorial standards focused on economy and business. Generally very reliable for economic data.,Principale quotidiano finanziario italiano. Alti standard editoriali focalizzati su economia e business. Generalmente molto affidabile per dati economici.,Reuters Institute | NewsGuard,https://www.facebook.com/ilsole24ore/,https://www.instagram.com/ilsole24ore/,https://www.ilsole24ore.com,2025-01
093,Emma Bonino,Politician,Politico,Center-Left,Centro-Sinistra,2,1,"Veteran politician, +Europa leader, former EU Commissioner and Foreign Minister. Generally highly reliable with fact-based communication. Rare inaccuracies.","Politica veterana, leader di +Europa, ex Commissaria UE e Ministra degli Esteri. Generalmente molto affidabile con comunicazione basata sui fatti. Imprecisioni rare.",https://pagellapolitica.it/ | Reuters,https://www.facebook.com/emma.bonino/,https://www.instagram.com/emmabonino/,,2025-01
094,Valigia Blu,Media,Media,Reliable,Affidabile,2,1,"Independent online magazine focused on civil rights, fact-checking, and media analysis. Generally very reliable with high journalistic standards.","Rivista online indipendente focalizzata su diritti civili, fact-checking e analisi dei media. Generalmente molto affidabile con alti standard giornalistici.",https://www.valigiablu.it/chi-siamo/,https://www.facebook.com/valigiablu.it/,https://www.instagram.com/valigiablu_it/,https://www.valigiablu.it,2025-01
095,ANSA,Media,Media,Center,Centro,1,1,National news agency. Typically very reliable for factual news and data. Primary source for many newsrooms.,Agenzia di stampa nazionale. Tipicamente molto affidabile per notizie e dati fattuali. Fonte primaria per molte redazioni.,Reuters Institute | ANSA citations,https://www.facebook.com/ansa.it,https://www.instagram.com/agenzia_ansa/,https://www.ansa.it,2025-01
096,Facta.news,Fact-Checking,Fact-Checking,Reliable,Affidabile,1,1,Independent fact-checking organization. Highly reliable source for debunking misinformation. Member of International Fact-Checking Network. Excellent journalistic standards.,Organizzazione indipendente di fact-checking. Fonte molto affidabile per smascherare disinformazione. Membro dell'International Fact-Checking Network. Eccellenti standard giornalistici.,https://facta.news/about/ | https://ifcncodeofprinciples.poynter.org/signatories,https://www.facebook.com/factanews/,https://www.instagram.com/facta.news/,https://facta.news,2025-01
097,Pagella Politica,Fact-Checking,Fact-Checking,Reliable,Affidabile,1,1,Leading Italian fact-checking organization. Highly reliable. Verifies political statements and claims. Part of Poynter Institute's fact-checking network.,Principale organizzazione italiana di fact-checking. Molto affidabile. Verifica dichiarazioni e affermazioni politiche. Parte della rete di fact-checking del Poynter Institute.,https://pagellapolitica.it/chi-siamo | https://ifcncodeofprinciples.poynter.org/,https://www.facebook.com/pagellapolitica/,https://www.instagram.com/pagellapolitica/,https://pagellapolitica.it,2025-01
098,BUTAC,Fact-Checking,Fact-Checking,Reliable,Affidabile,1,1,Bufale Un Tanto Al Chilo - Italian anti-hoax website. Debunks fake news and misinformation. Independent and reliable source for fact-checking.,Bufale Un Tanto Al Chilo - Sito italiano anti-bufale. Smaschera fake news e disinformazione. Fonte indipendente e affidabile per il fact-checking.,https://www.butac.it/,https://www.facebook.com/butacis/,,https://www.butac.it,2025-01
099,Saverio Tommasi,Journalist,Giornalista,Left,Sinistra,2,1,"Independent journalist and YouTuber. Known for investigative reporting on social issues, immigration, and human rights. Generally fact-based with transparent methodology. Critical of far-right narratives.","Giornalista indipendente e YouTuber. Noto per reportage investigativi su questioni sociali, immigrazione e diritti umani. Generalmente basato sui fatti con metodologia trasparente. Critico delle narrazioni di estrema destra.",Independent journalist,https://www.facebook.com/saveriotommasi/,https://www.instagram.com/saveriotommasi/,https://www.youtube.com/@SaverioTommasi,2025-01
100,Greta Thunberg,Activist,Attivista,Left,Sinistra,2,1,Swedish climate activist with global influence including Italy. Fact-based environmental advocacy. Subject of misinformation campaigns but personally maintains high accuracy on climate science.,Attivista climatica svedese con influenza globale inclusa l'Italia. Advocacy ambientale basata sui fatti. Oggetto di campagne di disinformazione ma mantiene personalmente alta accuratezza sulla scienza del clima.,Scientific consensus | https://www.climatefacts.org/,https://www.facebook.com/gretathunbergsweden/,https://www.instagram.com/gretathunberg/,,2025-01
101,La7,Media,Media,Center-Left,Centro-Sinistra,3,2,Italian television channel. Known for investigative journalism programs like Piazzapulita. Generally balanced coverage with good journalistic standards. Some political talk shows with varied perspectives.,Canale televisivo italiano. Noto per programmi di giornalismo investigativo come Piazzapulita. Copertura generalmente equilibrata con buoni standard giornalistici. Alcuni talk show politici con prospettive varie.,Media analysis | NewsGuard,https://www.facebook.com/la7/,https://www.instagram.com/la7tv/,https://www.la7.it,2025-01
102,Corrado Formigli,Journalist,Giornalista,Center-Left,Centro-Sinistra,3,2,Host of Piazzapulita on La7. Known for investigative journalism and in-depth political interviews. Generally maintains journalistic standards with balanced guest selection.,Conduttore di Piazzapulita su La7. Noto per giornalismo investigativo e interviste politiche approfondite. Generalmente mantiene standard giornalistici con selezione equilibrata degli ospiti.,https://pagellapolitica.it/,https://www.facebook.com/corrado.formigli/,https://www.instagram.com/corradoformigli/,,2025-01
103,Lilli Gruber,Journalist,Giornalista,Center-Left,Centro-Sinistra,3,2,Host of Otto e Mezzo on La7. Former MEP and journalist. Known for political interviews and analysis. Generally professional with occasional editorial bias.,Conduttrice di Otto e Mezzo su La7. Ex europarlamentare e giornalista. Nota per interviste e analisi politiche. Generalmente professionale con occasionale pregiudizio editoriale.,https://pagellapolitica.it/,https://www.facebook.com/lilli.gruber/,https://www.instagram.com/lilligruber/,,2025-01
104,Alessandro Di Battista,Politician,Politico,Populist,Populista,6,4,"Former M5S politician. Known for anti-establishment rhetoric, conspiracy theories, and controversial foreign policy positions. Frequently fact-checked for inaccurate statements.","Ex politico M5S. Noto per retorica anti-establishment, teorie del complotto e posizioni controverse di politica estera. Frequentemente verificato per dichiarazioni imprecise.",https://pagellapolitica.it/ | https://facta.news/,https://www.facebook.com/ADiB83/,https://www.instagram.com/alessandro.dibattista/,,2025-01
105,Roberto Saviano,Writer,Scrittore,Left,Sinistra,2,1,Writer and journalist. Known for investigations on organized crime (Gomorra). Lives under police protection due to mafia threats. Fact-based reporting though politically outspoken.,Scrittore e giornalista. Noto per inchieste sulla criminalità organizzata (Gomorra). Vive sotto scorta per minacce mafiose. Reportage basati sui fatti sebbene politicamente esplicito.,https://en.wikipedia.org/wiki/Roberto_Saviano,https://www.facebook.com/RobertoSavianoOff/,https://www.instagram.com/robertosaviano/,,2025-01
106,Avvenire,Media,Media,Center,Centro,2,1,Catholic newspaper of Italian Bishops' Conference. Generally reliable with ethical focus. Covers social issues from Catholic perspective but maintains journalistic standards.,Quotidiano cattolico della Conferenza Episcopale Italiana. Generalmente affidabile con focus etico. Copre questioni sociali da prospettiva cattolica ma mantiene standard giornalistici.,Reuters Institute | Media analysis,https://www.facebook.com/Avvenire/,https://www.instagram.com/avvenire_nei/,https://www.avvenire.it,2025-01
107,Famiglia Cristiana,Media,Media,Center-Left,Centro-Sinistra,2,1,"Catholic weekly magazine. Focuses on social justice, family, and ethical issues. Generally reliable with progressive Catholic perspective on social matters.","Rivista cattolica settimanale. Si concentra su giustizia sociale, famiglia e questioni etiche. Generalmente affidabile con prospettiva cattolica progressista su questioni sociali.",Media analysis,https://www.facebook.com/famigliacristiana/,https://www.instagram.com/famigliacristiana/,https://www.famigliacristiana.it,2025-01
108,Vauro Senesi,Cartoonist,Vignettista,Left,Sinistra,3,2,Political cartoonist and satirist. Known for left-wing satire and controversial cartoons. Strong anti-fascist positions. Provocative but clearly satirical content.,Vignettista e satirico politico. Noto per satira di sinistra e vignette controverse. Forti posizioni antifasciste. Contenuti provocatori ma chiaramente satirici.,Media presence,https://www.facebook.com/vaurosenesi/,https://www.instagram.com/vauro_senesi/,,2025-01
109,Selvaggia Lucarelli,Journalist,Giornalista,Center-Left,Centro-Sinistra,4,3,"Journalist, writer, and judge on Ballando con le Stelle. Known for investigative journalism and controversial opinions. Sometimes sensationalist but generally fact-based investigations.","Giornalista, scrittrice e giudice di Ballando con le Stelle. Nota per giornalismo investigativo e opinioni controverse. A volte sensazionalista ma inchieste generalmente basate sui fatti.",https://pagellapolitica.it/ | https://facta.news/,https://www.facebook.com/SelvaggiaLucarelli/,https://www.instagram.com/selvaggialucarelli/,,2025-01
110,Report,TV Program,Programma TV,Center-Left,Centro-Sinistra,2,1,"Investigative journalism program on RAI 3. Known for in-depth investigations into corruption, politics, and organized crime. Generally high journalistic standards and fact-based reporting.","Programma di giornalismo investigativo su RAI 3. Noto per inchieste approfondite su corruzione, politica e criminalità organizzata. Generalmente alti standard giornalistici e reportage basati sui fatti.",https://pagellapolitica.it/ | Media analysis,https://www.facebook.com/report/,https://www.instagram.com/reportrai3/,https://www.raiplay.it/programmi/report,2025-01
111,Sigfrido Ranucci,Journalist,Giornalista,Center-Left,Centro-Sinistra,3,2,Host of Report on RAI 3. Investigative journalist with focus on corruption and power abuses. Generally fact-based but occasionally faces defamation suits from subjects of investigations.,Conduttore di Report su RAI 3. Giornalista investigativo con focus su corruzione e abusi di potere. Generalmente basato sui fatti ma occasionalmente affronta cause per diffamazione da soggetti delle inchieste.,https://pagellapolitica.it/,https://www.facebook.com/sigfrido.ranucci/,https://www.instagram.com/sigfridoranucci/,,2025-01
112,Gad Lerner,Journalist,Giornalista,Center-Left,Centro-Sinistra,3,2,Journalist and TV host. Known for political commentary and interviews. Jewish Italian voice on Middle East issues. Generally reliable but clear editorial positions.,Giornalista e conduttore TV. Noto per commenti politici e interviste. Voce ebraico-italiana su questioni mediorientali. Generalmente affidabile ma chiare posizioni editoriali.,https://pagellapolitica.it/,https://www.facebook.com/gadlerner/,https://www.instagram.com/gadlerner/,,2025-01
113,Propaganda Live,TV Program,Programma TV,Left,Sinistra,3,2,Political satire show on La7. Hosted by Diego Bianchi (Zoro) and Marco Damilano. Combines satire with investigative journalism. Clear left-wing perspective but fact-based content.,Show di satira politica su La7. Condotto da Diego Bianchi (Zoro) e Marco Damilano. Combina satira con giornalismo investigativo. Chiara prospettiva di sinistra ma contenuti basati sui fatti.,Media analysis,https://www.facebook.com/propagandalive/,https://www.instagram.com/propagandala7/,https://www.la7.it/propaganda-live,2025-01
114,Diego Bianchi (Zoro),Journalist,Giornalista,Left,Sinistra,3,2,Host of Propaganda Live. Known for satirical journalism and field reporting. Clear left-wing positions but maintains fact-based investigative approach. Creator of Gazebo.,Conduttore di Propaganda Live. Noto per giornalismo satirico e reportage sul campo. Chiare posizioni di sinistra ma mantiene approccio investigativo basato sui fatti. Creatore di Gazebo.,Media analysis,https://www.facebook.com/diegobianchibianchi/,https://www.instagram.com/diegobianchi/,,2025-01
115,Sandro Ruotolo,Journalist,Giornalista,Center-Left,Centro-Sinistra,2,1,Investigative journalist and former senator. Known for investigations on camorra and organized crime. Fact-based reporting with strong anti-mafia stance. Lives under protection.,Giornalista investigativo ed ex senatore. Noto per inchieste su camorra e criminalità organizzata. Reportage basati sui fatti con forte posizione antimafia. Vive sotto scorta.,https://en.wikipedia.org/wiki/Sandro_Ruotolo,https://www.facebook.com/sandro.ruotolo/,https://www.instagram.com/sandroruotolo/,,2025-01
116,Wu Ming Foundation,Writers Collective,Collettivo di Scrittori,Left,Sinistra,3,2,Collective of Italian writers. Known for historical novels and social commentary. Strong anti-fascist and anti-capitalist positions. Fact-based historical research but clear ideological stance.,Collettivo di scrittori italiani. Noto per romanzi storici e commenti sociali. Forti posizioni antifasciste e anticapitaliste. Ricerca storica basata sui fatti ma chiara posizione ideologica.,https://www.wumingfoundation.com/,https://www.facebook.com/wumingfoundation/,,https://www.wumingfoundation.com/,2025-01
117,The New York Times,Media,Media,Center-Left,Centro-Sinistra,2,1,Leading American newspaper with global coverage including Italy. High journalistic standards and fact-checking. Won multiple Pulitzer Prizes. Occasional editorial bias but reliable reporting.,Principale quotidiano americano con copertura globale inclusa l'Italia. Alti standard giornalistici e fact-checking. Vincitore di molteplici premi Pulitzer. Occasionale pregiudizio editoriale ma reportage affidabile.,Pulitzer Prizes | Reuters Institute,https://www.facebook.com/nytimes/,https://www.instagram.com/nytimes/,https://www.nytimes.com,2025-01
118,The Guardian,Media,Media,Center-Left,Centro-Sinistra,2,1,British newspaper with extensive Italian coverage. Investigative journalism with high standards. Progressive editorial line but fact-based reporting. Known for whistleblower protection.,Quotidiano britannico con ampia copertura italiana. Giornalismo investigativo con alti standard. Linea editoriale progressista ma reportage basati sui fatti. Noto per protezione dei whistleblower.,Reuters Institute | Media analysis,https://www.facebook.com/theguardian/,https://www.instagram.com/guardian/,https://www.theguardian.com,2025-01
119,BBC News,Media,Media,Center,Centro,1,1,British public broadcaster. International coverage including Italy. Very high journalistic standards with strict fact-checking protocols. Balanced reporting with public service mandate.,Emittente pubblica britannica. Copertura internazionale inclusa l'Italia. Altissimi standard giornalistici con rigorosi protocolli di fact-checking. Reportage equilibrato con mandato di servizio pubblico.,Reuters Institute | BBC Editorial Guidelines,https://www.facebook.com/bbcnews/,https://www.instagram.com/bbcnews/,https://www.bbc.com/news,2025-01
120,Reuters,Media,Media,Center,Centro,1,1,International news agency. Provides news to media worldwide including Italy. Extremely high standards for accuracy and neutrality. Primary source for breaking news.,Agenzia di stampa internazionale. Fornisce notizie ai media di tutto il mondo inclusa l'Italia. Standard estremamente alti per accuratezza e neutralità. Fonte primaria per notizie dell'ultim'ora.,Reuters Institute | Industry standard,https://www.facebook.com/Reuters/,https://www.instagram.com/reuters/,https://www.reuters.com,2025-01
121,Associated Press,Media,Media,Center,Centro,1,1,American news agency with global reach. Provides news to Italian and international media. Highest standards for fact-checking and neutrality. Non-profit cooperative.,Agenzia di stampa americana con portata globale. Fornisce notizie ai media italiani e internazionali. Massimi standard per fact-checking e neutralità. Cooperativa non profit.,AP Stylebook | Industry standard,https://www.facebook.com/APNews/,https://www.instagram.com/apnews/,https://apnews.com,2025-01
122,Danilo Toninelli,Politician,Politico,Populist,Populista,7,5,Former M5S Transport Minister. Known for controversial statements and frequent gaffes. Multiple fact-checks found significant inaccuracies. Often criticized for incompetence.,Ex Ministro dei Trasporti M5S. Noto per dichiarazioni controverse e frequenti gaffe. Molteplici fact-check hanno trovato significative imprecisioni. Spesso criticato per incompetenza.,https://pagellapolitica.it/ | https://facta.news/,https://www.facebook.com/DaniloToninelli/,https://www.instagram.com/danilotoninelli/,,2025-01
123,Mauro Corona,Writer,Scrittore,Populist,Populista,5,6,Writer and sculptor. TV personality on RAI. Known for controversial and sometimes offensive statements. Frequently uses vulgar language. Suspended multiple times for inappropriate comments.,Scrittore e scultore. Personaggio TV sulla RAI. Noto per dichiarazioni controverse e a volte offensive. Usa frequentemente linguaggio volgare. Sospeso più volte per commenti inappropriati.,Media coverage,https://www.facebook.com/mauro.corona.3/,,,2025-01
124,Flavio Briatore,Entrepreneur,Imprenditore,Right,Destra,5,4,Businessman and TV personality. Known for luxury lifestyle promotion and controversial business practices. Occasional spread of misinformation on economics and COVID. Tax evasion history.,Imprenditore e personaggio TV. Noto per promozione di stile di vita lussuoso e pratiche commerciali controverse. Occasionale diffusione di disinformazione su economia e COVID. Storia di evasione fiscale.,Media coverage | https://pagellapolitica.it/,https://www.facebook.com/flaviobriatore/,https://www.instagram.com/briatoreflavio/,,2025-01
125,Fedez,Rapper,Rapper,Center-Left,Centro-Sinistra,4,3,Rapper and entrepreneur. Politically active on social issues. Fact-checked on various claims. Generally progressive positions but sometimes spreads unverified information. High social media influence.,Rapper e imprenditore. Politicamente attivo su questioni sociali. Verificato su varie affermazioni. Generalmente posizioni progressiste ma a volte diffonde informazioni non verificate. Alta influenza sui social media.,https://pagellapolitica.it/ | https://facta.news/,https://www.facebook.com/Fedezofficial/,https://www.instagram.com/fedez/,,2025-01
126,Chiara Ferragni,Influencer,Influencer,Center,Centro,5,4,Fashion influencer and entrepreneur. Politically engaged on social issues. Involved in charity controversies (Pandoro-gate). Sometimes spreads unverified information. Massive social media influence.,Influencer di moda e imprenditrice. Politicamente impegnata su questioni sociali. Coinvolta in controversie benefiche (Pandoro-gate). A volte diffonde informazioni non verificate. Massiccia influenza sui social media.,https://facta.news/ | Media coverage,https://www.facebook.com/ChiaraFerragniOfficial/,https://www.instagram.com/chiaraferragni/,,2025-01
127,Luisella Costamagna,Journalist,Giornalista,Left,Sinistra,3,2,Journalist and TV host. Former host of L'Aria Che Tira. Known for left-wing commentary and political interviews. Generally maintains journalistic standards with clear editorial positions.,Giornalista e conduttrice TV. Ex conduttrice de L'Aria Che Tira. Nota per commenti di sinistra e interviste politiche. Generalmente mantiene standard giornalistici con chiare posizioni editoriali.,Media analysis,https://www.facebook.com/luisella.costamagna/,https://www.instagram.com/luisellacostamagna/,,2025-01
128,Enrico Mentana,Journalist,Giornalista,Center,Centro,3,2,Director of TG La7. Veteran journalist known for election marathons. Generally reliable with professional standards. Occasional editorial bias but maintains fact-checking practices.,Direttore del TG La7. Giornalista veterano noto per maratone elettorali. Generalmente affidabile con standard professionali. Occasionale pregiudizio editoriale ma mantiene pratiche di fact-checking.,https://pagellapolitica.it/ | Media analysis,https://www.facebook.com/enrico.mentana/,https://www.instagram.com/enricomentana/,,2025-01
129,Beppe Grillo,Comedian,Comico,Populist,Populista,7,6,"Comedian and M5S founder. Known for conspiracy theories, anti-establishment rhetoric, and controversial statements. Frequent spreader of misinformation. Still influential despite reduced role.","Comico e fondatore M5S. Noto per teorie del complotto, retorica anti-establishment e dichiarazioni controverse. Frequente diffusore di disinformazione. Ancora influente nonostante ruolo ridotto.",https://pagellapolitica.it/ | https://facta.news/,https://www.facebook.com/beppegrillo.it/,https://www.instagram.com/beppegrillo_/,https://www.beppegrillo.it,2025-01
130,Flavia Carlini,Activist,Attivista,Left,Sinistra,2,1,"Political activist and communicator. Uses social media to share fact-based information on rights, equality, and social issues. Vice president of Parliamentary Intergroup for Fundamental Rights. Over 480K Instagram followers. Author of 'Noi vogliamo tutto' (2024).","Attivista politica e comunicatrice. Usa i social media per condividere informazioni basate sui fatti su diritti, uguaglianza e questioni sociali. Vicepresidente dell'Intergruppo Parlamentare per i Diritti Fondamentali. Oltre 480K follower su Instagram. Autrice di 'Noi vogliamo tutto' (2024).",https://www.giornalettismo.com/ | https://mowmag.com/,https://www.facebook.com/p/Flavia-Carlini-100089441529549/,https://www.instagram.com/flavia.carlini/,,2025-01
